name,id
Jill,1
Joe,2
Justin,3
Jane,4
John,5
Jill,6
Joe,7
Justin,8
Jane,9
John,10
Jill,11
Joe,12
Justin,13
Jane,14
John,15
Jill,16
Joe,17
Justin,18
Jane,19
John,20
Jill,21
Joe,22
Justin,23
Jane,24
John,25
Jill,26
Joe,27
Justin,28
Jane,29
John,30
Jill,31
Joe,32
Justin,33
Jane,34
John,35
Jill,36
Joe,37
Justin,38
Jane,39
John,40
Jill,41
Joe,42
Justin,43
Jane,44
John,45
Jill,46
Joe,47
Justin,48
Jane,49
John,50
Jill,51
Joe,52
Justin,53
Jane,54
John,55
Jill,56
Joe,57
Justin,58
Jane,59
John,60
Jill,61
Joe,62
Justin,63
Jane,64
John,65
Jill,66
Joe,67
Justin,68
Jane,69
John,70
Jill,71
Joe,72
Justin,73
Jane,74
John,75
Jill,76
Joe,77
Justin,78
Jane,79
John,80
Jill,81
Joe,82
Justin,83
Jane,84
John,85
Jill,86
Joe,87
Justin,88
Jane,89
John,90
Jill,91
Joe,92
Justin,93
Jane,94
John,95
Jill,96
Joe,97
Justin,98
Jane,99
John,100
Jill,101
Joe,102
Justin,103
Jane,104
John,105
Jill,106
Joe,107
Justin,108
Jane,109
John,110
Jill,111
Joe,112
Justin,113
Jane,114
John,115
Jill,116
Joe,117
Justin,118
Jane,119
John,120
Jill,121
Joe,122
Justin,123
Jane,124
John,125
Jill,126
Joe,127
Justin,128
Jane,129
John,130
Jill,131
Joe,132
Justin,133
Jane,134
John,135
Jill,136
Joe,137
Justin,138
Jane,139
John,140
Jill,141
Joe,142
Justin,143
Jane,144
John,145
Jill,146
Joe,147
Justin,148
Jane,149
John,150
Jill,151
Joe,152
Justin,153
Jane,154
John,155
Jill,156
Joe,157
Justin,158
Jane,159
John,160
Jill,161
Joe,162
Justin,163
Jane,164
John,165
Jill,166
Joe,167
Justin,168
Jane,169
John,170
Jill,171
Joe,172
Justin,173
Jane,174
John,175
Jill,176
Joe,177
Justin,178
Jane,179
John,180
Jill,181
Joe,182
Justin,183
Jane,184
John,185
Jill,186
Joe,187
Justin,188
Jane,189
John,190
Jill,191
Joe,192
Justin,193
Jane,194
John,195
Jill,196
Joe,197
Justin,198
Jane,199
John,200
Jill,201
Joe,202
Justin,203
Jane,204
John,205
Jill,206
Joe,207
Justin,208
Jane,209
John,210
Jill,211
Joe,212
Justin,213
Jane,214
John,215
Jill,216
Joe,217
Justin,218
Jane,219
John,220
Jill,221
Joe,222
Justin,223
Jane,224
John,225
Jill,226
Joe,227
Justin,228
Jane,229
John,230
Jill,231
Joe,232
Justin,233
Jane,234
John,235
Jill,236
Joe,237
Justin,238
Jane,239
John,240
Jill,241
Joe,242
Justin,243
Jane,244
John,245
Jill,246
Joe,247
Justin,248
Jane,249
John,250
Jill,251
Joe,252
Justin,253
Jane,254
John,255
Jill,256
Joe,257
Justin,258
Jane,259
John,260
Jill,261
Joe,262
Justin,263
Jane,264
John,265
Jill,266
Joe,267
Justin,268
Jane,269
John,270
Jill,271
Joe,272
Justin,273
Jane,274
John,275
Jill,276
Joe,277
Justin,278
Jane,279
John,280
Jill,281
Joe,282
Justin,283
Jane,284
John,285
Jill,286
Joe,287
Justin,288
Jane,289
John,290
Jill,291
Joe,292
Justin,293
Jane,294
John,295
Jill,296
Joe,297
Justin,298
Jane,299
John,300
Jill,301
Joe,302
Justin,303
Jane,304
John,305
Jill,306
Joe,307
Justin,308
Jane,309
John,310
Jill,311
Joe,312
Justin,313
Jane,314
John,315
Jill,316
Joe,317
Justin,318
Jane,319
John,320
Jill,321
Joe,322
Justin,323
Jane,324
John,325
Jill,326
Joe,327
Justin,328
Jane,329
John,330
Jill,331
Joe,332
Justin,333
Jane,334
John,335
Jill,336
Joe,337
Justin,338
Jane,339
John,340
Jill,341
Joe,342
Justin,343
Jane,344
John,345
Jill,346
Joe,347
Justin,348
Jane,349
John,350
Jill,351
Joe,352
Justin,353
Jane,354
John,355
Jill,356
Joe,357
Justin,358
Jane,359
John,360
Jill,361
Joe,362
Justin,363
Jane,364
John,365
Jill,366
Joe,367
Justin,368
Jane,369
John,370
Jill,371
Joe,372
Justin,373
Jane,374
John,375
Jill,376
Joe,377
Justin,378
Jane,379
John,380
Jill,381
Joe,382
Justin,383
Jane,384
John,385
Jill,386
Joe,387
Justin,388
Jane,389
John,390
Jill,391
Joe,392
Justin,393
Jane,394
John,395
Jill,396
Joe,397
Justin,398
Jane,399
John,400
Jill,401
Joe,402
Justin,403
Jane,404
John,405
Jill,406
Joe,407
Justin,408
Jane,409
John,410
Jill,411
Joe,412
Justin,413
Jane,414
John,415
Jill,416
Joe,417
Justin,418
Jane,419
John,420
Jill,421
Joe,422
Justin,423
Jane,424
John,425
Jill,426
Joe,427
Justin,428
Jane,429
John,430
Jill,431
Joe,432
Justin,433
Jane,434
John,435
Jill,436
Joe,437
Justin,438
Jane,439
John,440
Jill,441
Joe,442
Justin,443
Jane,444
John,445
Jill,446
Joe,447
Justin,448
Jane,449
John,450
Jill,451
Joe,452
Justin,453
Jane,454
John,455
Jill,456
Joe,457
Justin,458
Jane,459
John,460
Jill,461
Joe,462
Justin,463
Jane,464
John,465
Jill,466
Joe,467
Justin,468
Jane,469
John,470
Jill,471
Joe,472
Justin,473
Jane,474
John,475
Jill,476
Joe,477
Justin,478
Jane,479
John,480
Jill,481
Joe,482
Justin,483
Jane,484
John,485
Jill,486
Joe,487
Justin,488
Jane,489
John,490
Jill,491
Joe,492
Justin,493
Jane,494
John,495
Jill,496
Joe,497
Justin,498
Jane,499
John,500
Jill,501
Joe,502
Justin,503
Jane,504
John,505
Jill,506
Joe,507
Justin,508
Jane,509
John,510
Jill,511
Joe,512
Justin,513
Jane,514
John,515
Jill,516
Joe,517
Justin,518
Jane,519
John,520
Jill,521
Joe,522
Justin,523
Jane,524
John,525
Jill,526
Joe,527
Justin,528
Jane,529
John,530
Jill,531
Joe,532
Justin,533
Jane,534
John,535
Jill,536
Joe,537
Justin,538
Jane,539
John,540
Jill,541
Joe,542
Justin,543
Jane,544
John,545
Jill,546
Joe,547
Justin,548
Jane,549
John,550
Jill,551
Joe,552
Justin,553
Jane,554
John,555
Jill,556
Joe,557
Justin,558
Jane,559
John,560
Jill,561
Joe,562
Justin,563
Jane,564
John,565
Jill,566
Joe,567
Justin,568
Jane,569
John,570
Jill,571
Joe,572
Justin,573
Jane,574
John,575
Jill,576
Joe,577
Justin,578
Jane,579
John,580
Jill,581
Joe,582
Justin,583
Jane,584
John,585
Jill,586
Joe,587
Justin,588
Jane,589
John,590
Jill,591
Joe,592
Justin,593
Jane,594
John,595
Jill,596
Joe,597
Justin,598
Jane,599
John,600
Jill,601
Joe,602
Justin,603
Jane,604
John,605
Jill,606
Joe,607
Justin,608
Jane,609
John,610
Jill,611
Joe,612
Justin,613
Jane,614
John,615
Jill,616
Joe,617
Justin,618
Jane,619
John,620
Jill,621
Joe,622
Justin,623
Jane,624
John,625
Jill,626
Joe,627
Justin,628
Jane,629
John,630
Jill,631
Joe,632
Justin,633
Jane,634
John,635
Jill,636
Joe,637
Justin,638
Jane,639
John,640
Jill,641
Joe,642
Justin,643
Jane,644
John,645
Jill,646
Joe,647
Justin,648
Jane,649
John,650
Jill,651
Joe,652
Justin,653
Jane,654
John,655
Jill,656
Joe,657
Justin,658
Jane,659
John,660
Jill,661
Joe,662
Justin,663
Jane,664
John,665
Jill,666
Joe,667
Justin,668
Jane,669
John,670
Jill,671
Joe,672
Justin,673
Jane,674
John,675
Jill,676
Joe,677
Justin,678
Jane,679
John,680
Jill,681
Joe,682
Justin,683
Jane,684
John,685
Jill,686
Joe,687
Justin,688
Jane,689
John,690
Jill,691
Joe,692
Justin,693
Jane,694
John,695
Jill,696
Joe,697
Justin,698
Jane,699
John,700
Jill,701
Joe,702
Justin,703
Jane,704
John,705
Jill,706
Joe,707
Justin,708
Jane,709
John,710
Jill,711
Joe,712
Justin,713
Jane,714
John,715
Jill,716
Joe,717
Justin,718
Jane,719
John,720
Jill,721
Joe,722
Justin,723
Jane,724
John,725
Jill,726
Joe,727
Justin,728
Jane,729
John,730
Jill,731
Joe,732
Justin,733
Jane,734
John,735
Jill,736
Joe,737
Justin,738
Jane,739
John,740
Jill,741
Joe,742
Justin,743
Jane,744
John,745
Jill,746
Joe,747
Justin,748
Jane,749
John,750
Jill,751
Joe,752
Justin,753
Jane,754
John,755
Jill,756
Joe,757
Justin,758
Jane,759
John,760
Jill,761
Joe,762
Justin,763
Jane,764
John,765
Jill,766
Joe,767
Justin,768
Jane,769
John,770
Jill,771
Joe,772
Justin,773
Jane,774
John,775
Jill,776
Joe,777
Justin,778
Jane,779
John,780
Jill,781
Joe,782
Justin,783
Jane,784
John,785
Jill,786
Joe,787
Justin,788
Jane,789
John,790
Jill,791
Joe,792
Justin,793
Jane,794
John,795
Jill,796
Joe,797
Justin,798
Jane,799
John,800
Jill,801
Joe,802
Justin,803
Jane,804
John,805
Jill,806
Joe,807
Justin,808
Jane,809
John,810
Jill,811
Joe,812
Justin,813
Jane,814
John,815
Jill,816
Joe,817
Justin,818
Jane,819
John,820
Jill,821
Joe,822
Justin,823
Jane,824
John,825
Jill,826
Joe,827
Justin,828
Jane,829
John,830
Jill,831
Joe,832
Justin,833
Jane,834
John,835
Jill,836
Joe,837
Justin,838
Jane,839
John,840
Jill,841
Joe,842
Justin,843
Jane,844
John,845
Jill,846
Joe,847
Justin,848
Jane,849
John,850
Jill,851
Joe,852
Justin,853
Jane,854
John,855
Jill,856
Joe,857
Justin,858
Jane,859
John,860
Jill,861
Joe,862
Justin,863
Jane,864
John,865
Jill,866
Joe,867
Justin,868
Jane,869
John,870
Jill,871
Joe,872
Justin,873
Jane,874
John,875
Jill,876
Joe,877
Justin,878
Jane,879
John,880
Jill,881
Joe,882
Justin,883
Jane,884
John,885
Jill,886
Joe,887
Justin,888
Jane,889
John,890
Jill,891
Joe,892
Justin,893
Jane,894
John,895
Jill,896
Joe,897
Justin,898
Jane,899
John,900
Jill,901
Joe,902
Justin,903
Jane,904
John,905
Jill,906
Joe,907
Justin,908
Jane,909
John,910
Jill,911
Joe,912
Justin,913
Jane,914
John,915
Jill,916
Joe,917
Justin,918
Jane,919
John,920
Jill,921
Joe,922
Justin,923
Jane,924
John,925
Jill,926
Joe,927
Justin,928
Jane,929
John,930
Jill,931
Joe,932
Justin,933
Jane,934
John,935
Jill,936
Joe,937
Justin,938
Jane,939
John,940
Jill,941
Joe,942
Justin,943
Jane,944
John,945
Jill,946
Joe,947
Justin,948
Jane,949
John,950
Jill,951
Joe,952
Justin,953
Jane,954
John,955
Jill,956
Joe,957
Justin,958
Jane,959
John,960
Jill,961
Joe,962
Justin,963
Jane,964
John,965
Jill,966
Joe,967
Justin,968
Jane,969
John,970
Jill,971
Joe,972
Justin,973
Jane,974
John,975
Jill,976
Joe,977
Justin,978
Jane,979
John,980
Jill,981
Joe,982
Justin,983
Jane,984
John,985
Jill,986
Joe,987
Justin,988
Jane,989
John,990
Jill,991
Joe,992
Justin,993
Jane,994
John,995
Jill,996
Joe,997
Justin,998
Jane,999
John,1000
Jill,1001
Joe,1002
Justin,1003
Jane,1004
John,1005
Jill,1006
Joe,1007
Justin,1008
Jane,1009
John,1010
Jill,1011
Joe,1012
Justin,1013
Jane,1014
John,1015
Jill,1016
Joe,1017
Justin,1018
Jane,1019
John,1020
Jill,1021
Joe,1022
Justin,1023
Jane,1024
John,1025
Jill,1026
Joe,1027
Justin,1028
Jane,1029
John,1030
Jill,1031
Joe,1032
Justin,1033
Jane,1034
John,1035
Jill,1036
Joe,1037
Justin,1038
Jane,1039
John,1040
Jill,1041
Joe,1042
Justin,1043
Jane,1044
John,1045
Jill,1046
Joe,1047
Justin,1048
Jane,1049
John,1050
Jill,1051
Joe,1052
Justin,1053
Jane,1054
John,1055
Jill,1056
Joe,1057
Justin,1058
Jane,1059
John,1060
Jill,1061
Joe,1062
Justin,1063
Jane,1064
John,1065
Jill,1066
Joe,1067
Justin,1068
Jane,1069
John,1070
Jill,1071
Joe,1072
Justin,1073
Jane,1074
John,1075
Jill,1076
Joe,1077
Justin,1078
Jane,1079
John,1080
Jill,1081
Joe,1082
Justin,1083
Jane,1084
John,1085
Jill,1086
Joe,1087
Justin,1088
Jane,1089
John,1090
Jill,1091
Joe,1092
Justin,1093
Jane,1094
John,1095
Jill,1096
Joe,1097
Justin,1098
Jane,1099
John,1100
Jill,1101
Joe,1102
Justin,1103
Jane,1104
John,1105
Jill,1106
Joe,1107
Justin,1108
Jane,1109
John,1110
Jill,1111
Joe,1112
Justin,1113
Jane,1114
John,1115
Jill,1116
Joe,1117
Justin,1118
Jane,1119
John,1120
Jill,1121
Joe,1122
Justin,1123
Jane,1124
John,1125
Jill,1126
Joe,1127
Justin,1128
Jane,1129
John,1130
Jill,1131
Joe,1132
Justin,1133
Jane,1134
John,1135
Jill,1136
Joe,1137
Justin,1138
Jane,1139
John,1140
Jill,1141
Joe,1142
Justin,1143
Jane,1144
John,1145
Jill,1146
Joe,1147
Justin,1148
Jane,1149
John,1150
Jill,1151
Joe,1152
Justin,1153
Jane,1154
John,1155
Jill,1156
Joe,1157
Justin,1158
Jane,1159
John,1160
Jill,1161
Joe,1162
Justin,1163
Jane,1164
John,1165
Jill,1166
Joe,1167
Justin,1168
Jane,1169
John,1170
Jill,1171
Joe,1172
Justin,1173
Jane,1174
John,1175
Jill,1176
Joe,1177
Justin,1178
Jane,1179
John,1180
Jill,1181
Joe,1182
Justin,1183
Jane,1184
John,1185
Jill,1186
Joe,1187
Justin,1188
Jane,1189
John,1190
Jill,1191
Joe,1192
Justin,1193
Jane,1194
John,1195
Jill,1196
Joe,1197
Justin,1198
Jane,1199
John,1200
Jill,1201
Joe,1202
Justin,1203
Jane,1204
John,1205
Jill,1206
Joe,1207
Justin,1208
Jane,1209
John,1210
Jill,1211
Joe,1212
Justin,1213
Jane,1214
John,1215
Jill,1216
Joe,1217
Justin,1218
Jane,1219
John,1220
Jill,1221
Joe,1222
Justin,1223
Jane,1224
John,1225
Jill,1226
Joe,1227
Justin,1228
Jane,1229
John,1230
Jill,1231
Joe,1232
Justin,1233
Jane,1234
John,1235
Jill,1236
Joe,1237
Justin,1238
Jane,1239
John,1240
Jill,1241
Joe,1242
Justin,1243
Jane,1244
John,1245
Jill,1246
Joe,1247
Justin,1248
Jane,1249
John,1250
Jill,1251
Joe,1252
Justin,1253
Jane,1254
John,1255
Jill,1256
Joe,1257
Justin,1258
Jane,1259
John,1260
Jill,1261
Joe,1262
Justin,1263
Jane,1264
John,1265
Jill,1266
Joe,1267
Justin,1268
Jane,1269
John,1270
Jill,1271
Joe,1272
Justin,1273
Jane,1274
John,1275
Jill,1276
Joe,1277
Justin,1278
Jane,1279
John,1280
Jill,1281
Joe,1282
Justin,1283
Jane,1284
John,1285
Jill,1286
Joe,1287
Justin,1288
Jane,1289
John,1290
Jill,1291
Joe,1292
Justin,1293
Jane,1294
John,1295
Jill,1296
Joe,1297
Justin,1298
Jane,1299
John,1300
Jill,1301
Joe,1302
Justin,1303
Jane,1304
John,1305
Jill,1306
Joe,1307
Justin,1308
Jane,1309
John,1310
Jill,1311
Joe,1312
Justin,1313
Jane,1314
John,1315
Jill,1316
Joe,1317
Justin,1318
Jane,1319
John,1320
Jill,1321
Joe,1322
Justin,1323
Jane,1324
John,1325
Jill,1326
Joe,1327
Justin,1328
Jane,1329
John,1330
Jill,1331
Joe,1332
Justin,1333
Jane,1334
John,1335
Jill,1336
Joe,1337
Justin,1338
Jane,1339
John,1340
Jill,1341
Joe,1342
Justin,1343
Jane,1344
John,1345
Jill,1346
Joe,1347
Justin,1348
Jane,1349
John,1350
Jill,1351
Joe,1352
Justin,1353
Jane,1354
John,1355
Jill,1356
Joe,1357
Justin,1358
Jane,1359
John,1360
Jill,1361
Joe,1362
Justin,1363
Jane,1364
John,1365
Jill,1366
Joe,1367
Justin,1368
Jane,1369
John,1370
Jill,1371
Joe,1372
Justin,1373
Jane,1374
John,1375
Jill,1376
Joe,1377
Justin,1378
Jane,1379
John,1380
Jill,1381
Joe,1382
Justin,1383
Jane,1384
John,1385
Jill,1386
Joe,1387
Justin,1388
Jane,1389
John,1390
Jill,1391
Joe,1392
Justin,1393
Jane,1394
John,1395
Jill,1396
Joe,1397
Justin,1398
Jane,1399
John,1400